Source,Target,Weight,Type
Collaboration,Elementary school,4,Undirected
Collaboration,Problem solving,11,Undirected
Elementary school,Problem solving,10,Undirected
Higher education,STEM,6,Undirected
Collaboration,Pair programming,3,Undirected
Collaboration,Programming,19,Undirected
Pair programming,Programming,11,Undirected
Engagement,Programming,47,Undirected
Engagement,Problem solving,10,Undirected
Problem solving,Programming,57,Undirected
Evaluation,Experimental,48,Undirected
Evaluation,Programming,50,Undirected
Experimental,Programming,99,Undirected
Coding,Programming,81,Undirected
Programming,STEM,39,Undirected
Programming,Universal design for learning,1,Undirected
STEM,Universal design for learning,1,Undirected
Programming,Robotics,61,Undirected
Algorithmic thinking,STEM,11,Undirected
Creativity,Functions,15,Undirected
Creativity,Robotics,13,Undirected
Creativity,STEM,16,Undirected
Functions,Robotics,10,Undirected
Functions,STEM,6,Undirected
Robotics,STEM,20,Undirected
Abstraction,Experimental,19,Undirected
Abstraction,Programming,37,Undirected
Collaboration,Engagement,15,Undirected
Collaboration,Variables,1,Undirected
Engagement,Variables,10,Undirected
Computational concepts,Primary school,8,Undirected
Engagement,High school,7,Undirected
High school,Programming,25,Undirected
Abstraction,Algorithm,25,Undirected
STEM,University,15,Undirected
Mixed methods,Robotics,2,Undirected
Mixed methods,STEM,5,Undirected
Collaboration,Experimental,13,Undirected
Collaboration,Game-based learning,3,Undirected
Experimental,Game-based learning,9,Undirected
Coding,Computational concepts,7,Undirected
Coding,Experimental,30,Undirected
Coding,Logic,7,Undirected
Coding,Primary school,16,Undirected
Coding,Scratch,12,Undirected
Computational concepts,Experimental,6,Undirected
Computational concepts,Logic,3,Undirected
Computational concepts,Programming,19,Undirected
Computational concepts,Scratch,6,Undirected
Experimental,Logic,15,Undirected
Experimental,Primary school,23,Undirected
Experimental,Scratch,26,Undirected
Logic,Primary school,4,Undirected
Logic,Programming,26,Undirected
Logic,Scratch,6,Undirected
Primary school,Programming,45,Undirected
Primary school,Scratch,17,Undirected
Programming,Scratch,82,Undirected
Algorithmic thinking,Coding,6,Undirected
Algorithmic thinking,Collaborative learning,2,Undirected
Algorithmic thinking,Creativity,9,Undirected
Algorithmic thinking,Primary school,6,Undirected
Coding,Collaborative learning,3,Undirected
Coding,Creativity,12,Undirected
Collaborative learning,Creativity,4,Undirected
Collaborative learning,Primary school,2,Undirected
Creativity,Primary school,8,Undirected
Evaluation,University,24,Undirected
College,Problem solving,7,Undirected
Computational concepts,High school,2,Undirected
Computational concepts,STEM,2,Undirected
High school,STEM,11,Undirected
Creativity,Critical thinking,27,Undirected
Creativity,Problem solving,31,Undirected
Critical thinking,Problem solving,16,Undirected
Programming,Secondary school,15,Undirected
Pair programming,Primary school,4,Undirected
Coding,Collaborative Computing Observation Instrument,1,Undirected
Coding,Persistence,1,Undirected
Collaborative Computing Observation Instrument,Collaborative learning,1,Undirected
Collaborative Computing Observation Instrument,Persistence,1,Undirected
Collaborative Computing Observation Instrument,Programming,1,Undirected
Collaborative learning,Persistence,1,Undirected
Collaborative learning,Programming,9,Undirected
Persistence,Programming,3,Undirected
High school,Secondary school,3,Undirected
High school,University,7,Undirected
Programming,University,61,Undirected
Secondary school,University,5,Undirected
Abstraction,Scratch,5,Undirected
Robotics,Self-efficacy,7,Undirected
STEM,Self-efficacy,11,Undirected
Abstraction,Critical thinking,7,Undirected
Abstraction,Decomposition,57,Undirected
Abstraction,Evaluation,23,Undirected
Abstraction,Generalization,24,Undirected
Abstraction,University,11,Undirected
Critical thinking,Decomposition,4,Undirected
Critical thinking,Evaluation,16,Undirected
Critical thinking,Generalization,3,Undirected
Critical thinking,University,27,Undirected
Decomposition,Evaluation,21,Undirected
Decomposition,Generalization,19,Undirected
Decomposition,University,11,Undirected
Evaluation,Generalization,14,Undirected
Generalization,University,3,Undirected
High school,Motivation,9,Undirected
High school,Secondary education,2,Undirected
Motivation,Programming,40,Undirected
Motivation,Secondary education,3,Undirected
Programming,Secondary education,14,Undirected
Computational concepts,Game-based learning,1,Undirected
Computational concepts,Loops,2,Undirected
Computational concepts,Sequences,3,Undirected
Experimental,Loops,4,Undirected
Experimental,Sequences,11,Undirected
Game-based learning,Loops,1,Undirected
Game-based learning,Programming,13,Undirected
Game-based learning,Scratch,2,Undirected
Game-based learning,Sequences,1,Undirected
Loops,Programming,9,Undirected
Loops,Scratch,2,Undirected
Loops,Sequences,9,Undirected
Programming,Sequences,13,Undirected
Scratch,Sequences,3,Undirected
Cooperation,Experimental,4,Undirected
Cooperation,University,5,Undirected
Experimental,University,32,Undirected
Design-based learning,Elementary school,2,Undirected
Design-based learning,Experimental,3,Undirected
Design-based learning,Perceptions,1,Undirected
Design-based learning,Scratch,2,Undirected
Design-based learning,Self-efficacy,1,Undirected
Elementary school,Experimental,13,Undirected
Elementary school,Perceptions,4,Undirected
Elementary school,Scratch,11,Undirected
Elementary school,Self-efficacy,7,Undirected
Experimental,Perceptions,8,Undirected
Experimental,Self-efficacy,17,Undirected
Perceptions,Scratch,4,Undirected
Perceptions,Self-efficacy,6,Undirected
Scratch,Self-efficacy,5,Undirected
Coding,Problem solving,16,Undirected
Debug,Programming,7,Undirected
Debug,Robotics,2,Undirected
Debug,STEM,2,Undirected
Debug,Self-efficacy,2,Undirected
Programming,Self-efficacy,23,Undirected
Elementary school,Programming,35,Undirected
Coding,Elementary school,11,Undirected
Coding,Events,7,Undirected
Coding,Robotics,28,Undirected
Elementary school,Events,2,Undirected
Elementary school,Robotics,11,Undirected
Events,Robotics,3,Undirected
Problem solving,Secondary education,4,Undirected
Abstraction,Algorithmic thinking,31,Undirected
Abstraction,STEM,11,Undirected
Algorithmic thinking,Decomposition,21,Undirected
Algorithmic thinking,Evaluation,10,Undirected
Algorithmic thinking,Generalization,11,Undirected
Algorithmic thinking,Programming,28,Undirected
Decomposition,Programming,29,Undirected
Generalization,Programming,8,Undirected
Computational Thinking Test - CTt,Reliability,6,Undirected
Computational Thinking Test - CTt,Validity,5,Undirected
Reliability,Validity,41,Undirected
CT Scale - CTS,Confirmatory Factor Analysis - CFA,4,Undirected
CT Scale - CTS,Exploratory Factor Analysis - EFA,4,Undirected
CT Scale - CTS,Reliability,7,Undirected
CT Scale - CTS,University,4,Undirected
CT Scale - CTS,Validity,6,Undirected
Confirmatory Factor Analysis - CFA,Exploratory Factor Analysis - EFA,10,Undirected
Confirmatory Factor Analysis - CFA,Reliability,13,Undirected
Confirmatory Factor Analysis - CFA,University,4,Undirected
Confirmatory Factor Analysis - CFA,Validity,11,Undirected
Exploratory Factor Analysis - EFA,Reliability,9,Undirected
Exploratory Factor Analysis - EFA,University,3,Undirected
Exploratory Factor Analysis - EFA,Validity,9,Undirected
Reliability,University,6,Undirected
University,Validity,4,Undirected
Critical thinking,Emotional,7,Undirected
Critical thinking,Experimental,23,Undirected
Emotional,Experimental,9,Undirected
Computational concepts,Validity,1,Undirected
Experimental,Validity,8,Undirected
Scratch,Validity,1,Undirected
College,Programming,18,Undirected
Algorithm,Algorithmic thinking,7,Undirected
Collaborative learning,Cooperation,2,Undirected
Collaborative learning,Experimental,6,Undirected
Cooperation,Programming,3,Undirected
Coding,High school,6,Undirected
Coding,Spreadsheet,1,Undirected
Experimental,High school,16,Undirected
Experimental,Spreadsheet,2,Undirected
High school,Spreadsheet,2,Undirected
Programming,Spreadsheet,5,Undirected
Abstraction,Problem solving,12,Undirected
Algorithmic thinking,Problem solving,10,Undirected
Cooperation,STEM,1,Undirected
Kindergarten,STEM,6,Undirected
Creativity,Engagement,13,Undirected
Structural Equation Model - SEM,Variables,6,Undirected
Collaboration,University,15,Undirected
Abstraction,College,3,Undirected
Computational Thinking Test - CTt,Self-efficacy,2,Undirected
Computational Thinking Test - CTt,Variables,5,Undirected
Self-efficacy,Variables,12,Undirected
Arduino,Coding,5,Undirected
Arduino,Game-based learning,2,Undirected
Arduino,Kindergarten,2,Undirected
Arduino,Logical thinking,3,Undirected
Arduino,Programming,12,Undirected
Arduino,Secondary education,3,Undirected
Arduino,University,4,Undirected
Coding,Game-based learning,4,Undirected
Coding,Kindergarten,11,Undirected
Coding,Logical thinking,5,Undirected
Coding,Secondary education,5,Undirected
Coding,University,19,Undirected
Game-based learning,Kindergarten,3,Undirected
Game-based learning,Logical thinking,2,Undirected
Game-based learning,Secondary education,2,Undirected
Game-based learning,University,7,Undirected
Kindergarten,Logical thinking,2,Undirected
Kindergarten,Programming,15,Undirected
Kindergarten,Secondary education,2,Undirected
Kindergarten,University,3,Undirected
Logical thinking,Programming,10,Undirected
Logical thinking,Secondary education,3,Undirected
Logical thinking,University,4,Undirected
Secondary education,University,5,Undirected
Elementary school,University,5,Undirected
Scratch,University,11,Undirected
Arduino,Functions,2,Undirected
Arduino,Scratch,5,Undirected
Functions,Programming,18,Undirected
Functions,Scratch,4,Undirected
Evaluation,Problem solving,18,Undirected
Elementary school,Logic,6,Undirected
Algorithmic thinking,Confirmatory Factor Analysis - CFA,2,Undirected
Algorithmic thinking,Perceptions,2,Undirected
Algorithmic thinking,Reliability,6,Undirected
Algorithmic thinking,Self-efficacy,3,Undirected
Algorithmic thinking,Variables,3,Undirected
Confirmatory Factor Analysis - CFA,Perceptions,2,Undirected
Confirmatory Factor Analysis - CFA,Self-efficacy,6,Undirected
Confirmatory Factor Analysis - CFA,Variables,2,Undirected
Perceptions,Reliability,4,Undirected
Perceptions,Variables,8,Undirected
Reliability,Self-efficacy,3,Undirected
Reliability,Variables,8,Undirected
Robotics,University,12,Undirected
Logic,Robotics,7,Undirected
Engagement,Motivation,23,Undirected
Engagement,Post-test,4,Undirected
Motivation,Post-test,2,Undirected
Post-test,Programming,18,Undirected
Algorithm,Computational Thinking Scale - CTS,1,Undirected
Algorithm,Experimental,65,Undirected
Algorithm,Reliability,13,Undirected
Algorithm,Scratch,6,Undirected
Computational Thinking Scale - CTS,Experimental,4,Undirected
Computational Thinking Scale - CTS,Reliability,4,Undirected
Computational Thinking Scale - CTS,Scratch,1,Undirected
Experimental,Reliability,15,Undirected
Reliability,Scratch,2,Undirected
Coding,ScratchJr,7,Undirected
Kindergarten,ScratchJr,4,Undirected
Programming,ScratchJr,7,Undirected
Coding,STEM,18,Undirected
College,Perceptions,2,Undirected
College,Post-test,1,Undirected
College,STEM,7,Undirected
Perceptions,Post-test,1,Undirected
Perceptions,Programming,18,Undirected
Perceptions,STEM,8,Undirected
Post-test,STEM,4,Undirected
College,Experimental,4,Undirected
Coding,Evaluation,18,Undirected
Evaluation,Primary school,9,Undirected
Collaboration,Persistence,1,Undirected
Engagement,Persistence,4,Undirected
Programming,Project-based learning,9,Undirected
Algorithm,Engagement,5,Undirected
Algorithm,Programming,40,Undirected
Higher education,Programming,14,Undirected
Collaboration,STEM,6,Undirected
Problem solving,University,13,Undirected
Collaboration,Confirmatory Factor Analysis - CFA,3,Undirected
Collaboration,Primary school,4,Undirected
Collaboration,Self-efficacy,3,Undirected
Collaboration,Structural Equation Model - SEM,2,Undirected
Confirmatory Factor Analysis - CFA,Primary school,7,Undirected
Confirmatory Factor Analysis - CFA,Programming,6,Undirected
Confirmatory Factor Analysis - CFA,Structural Equation Model - SEM,6,Undirected
Primary school,Self-efficacy,9,Undirected
Primary school,Structural Equation Model - SEM,5,Undirected
Programming,Structural Equation Model - SEM,5,Undirected
Self-efficacy,Structural Equation Model - SEM,4,Undirected
Algorithm,Decomposition,35,Undirected
Algorithm,Problem solving,13,Undirected
Algorithm,STEM,4,Undirected
Algorithm,University,12,Undirected
Decomposition,Experimental,19,Undirected
Decomposition,Problem solving,10,Undirected
Decomposition,STEM,5,Undirected
Experimental,Problem solving,17,Undirected
Experimental,STEM,15,Undirected
Problem solving,STEM,10,Undirected
High school,Kindergarten,2,Undirected
Coding,Kodable,3,Undirected
Coding,Loops,5,Undirected
Kodable,Loops,2,Undirected
Abstraction,Coding,11,Undirected
Abstraction,Unplugged activities,4,Undirected
Coding,Decomposition,10,Undirected
Coding,Generalization,5,Undirected
Coding,Unplugged activities,2,Undirected
Decomposition,Unplugged activities,3,Undirected
Evaluation,Unplugged activities,2,Undirected
Generalization,Unplugged activities,1,Undirected
Algorithmic thinking,High school,4,Undirected
Algorithm,Cooperation,4,Undirected
Algorithm,Debug,3,Undirected
Algorithm,Exploratory Factor Analysis - EFA,2,Undirected
Algorithm,Logical thinking,2,Undirected
Algorithm,Perceptions,5,Undirected
Algorithm,Self-efficacy,2,Undirected
Cooperation,Debug,2,Undirected
Cooperation,Exploratory Factor Analysis - EFA,1,Undirected
Cooperation,Logical thinking,1,Undirected
Cooperation,Perceptions,1,Undirected
Cooperation,Reliability,1,Undirected
Cooperation,Self-efficacy,1,Undirected
Debug,Exploratory Factor Analysis - EFA,1,Undirected
Debug,Logical thinking,1,Undirected
Debug,Perceptions,1,Undirected
Debug,Reliability,1,Undirected
Exploratory Factor Analysis - EFA,Logical thinking,1,Undirected
Exploratory Factor Analysis - EFA,Perceptions,1,Undirected
Exploratory Factor Analysis - EFA,Programming,2,Undirected
Exploratory Factor Analysis - EFA,Self-efficacy,1,Undirected
Logical thinking,Perceptions,1,Undirected
Logical thinking,Reliability,2,Undirected
Logical thinking,Self-efficacy,2,Undirected
Programming,Reliability,15,Undirected
Abstraction,Parallelism,3,Undirected
Abstraction,Robotics,6,Undirected
Algorithm,Parallelism,7,Undirected
Algorithm,Robotics,5,Undirected
Decomposition,Parallelism,3,Undirected
Decomposition,Robotics,5,Undirected
Parallelism,Problem solving,1,Undirected
Parallelism,Programming,5,Undirected
Parallelism,Robotics,1,Undirected
Problem solving,Robotics,11,Undirected
Motivation,Robotics,10,Undirected
Coding,College,4,Undirected
College,Primary school,1,Undirected
Evaluation,Higher education,7,Undirected
Evaluation,Logic,17,Undirected
Evaluation,Scratch,7,Undirected
Higher education,Logic,1,Undirected
Higher education,Scratch,2,Undirected
Decomposition,High school,5,Undirected
High school,Problem solving,3,Undirected
CSUnplugged,Code.org,1,Undirected
CSUnplugged,Coding,1,Undirected
CSUnplugged,Critical thinking,1,Undirected
CSUnplugged,Programming,1,Undirected
Code.org,Coding,7,Undirected
Code.org,Critical thinking,1,Undirected
Code.org,Programming,4,Undirected
Coding,Critical thinking,6,Undirected
Critical thinking,Programming,24,Undirected
Primary school,Robotics,11,Undirected
Preschool,Programming,11,Undirected
Preschool,Robotics,8,Undirected
Preschool,University,2,Undirected
College,Motivation,3,Undirected
College,Scratch,2,Undirected
College,Variables,3,Undirected
Motivation,Scratch,10,Undirected
Motivation,Variables,12,Undirected
Programming,Variables,25,Undirected
Scratch,Variables,4,Undirected
Decomposition,Primary school,2,Undirected
Primary school,Problem solving,7,Undirected
Abstraction,Collaboration,6,Undirected
Algorithmic thinking,Collaboration,4,Undirected
Elementary school,Validity,4,Undirected
Programming,Validity,10,Undirected
Spreadsheet,University,1,Undirected
Creativity,Programming,32,Undirected
Coding,Engagement,19,Undirected
Coding,Mixed methods,5,Undirected
Coding,Motivation,12,Undirected
Engagement,Mixed methods,4,Undirected
Engagement,Scratch,8,Undirected
Mixed methods,Motivation,2,Undirected
Mixed methods,Programming,4,Undirected
Mixed methods,Scratch,2,Undirected
Coding,Emotional,8,Undirected
Coding,Sequences,12,Undirected
Emotional,Engagement,14,Undirected
Emotional,Programming,12,Undirected
Emotional,Sequences,1,Undirected
Engagement,Sequences,1,Undirected
Programming,Unplugged activities,9,Undirected
Directions,Evaluation,12,Undirected
Collaborative learning,Emotional,3,Undirected
Collaborative learning,Technology-enhanced learning,2,Undirected
Emotional,Technology-enhanced learning,2,Undirected
Cooperative learning,Creativity,1,Undirected
Cooperative learning,Experimental,3,Undirected
Creativity,Experimental,26,Undirected
Decomposition,Elementary school,5,Undirected
Decomposition,Plugged activities,1,Undirected
Elementary school,Generalization,2,Undirected
Elementary school,Plugged activities,1,Undirected
Generalization,Plugged activities,1,Undirected
Decomposition,Events,2,Undirected
Decomposition,Logic,6,Undirected
Events,Logic,7,Undirected
Events,Primary school,2,Undirected
Events,Programming,7,Undirected
Abstraction,Collaborative learning,1,Undirected
Collaboration,Collaborative learning,6,Undirected
Elementary school,Kindergarten,2,Undirected
Elementary school,STEM,4,Undirected
Engagement,STEM,15,Undirected
Engagement,Robotics,7,Undirected
Engagement,University,21,Undirected
College,Critical thinking,9,Undirected
Critical thinking,STEM,12,Undirected
Persistence,STEM,2,Undirected
Coding,Conditionals,4,Undirected
Computational concepts,Conditionals,2,Undirected
Computational concepts,Robotics,3,Undirected
Conditionals,Experimental,3,Undirected
Conditionals,Logic,3,Undirected
Conditionals,Programming,6,Undirected
Conditionals,Robotics,3,Undirected
Conditionals,Sequences,8,Undirected
Experimental,Robotics,24,Undirected
Logic,Sequences,6,Undirected
Robotics,Sequences,2,Undirected
Abstraction,Logical thinking,3,Undirected
Algorithmic thinking,Experimental,11,Undirected
Algorithmic thinking,Logical thinking,2,Undirected
Decomposition,Logical thinking,3,Undirected
Experimental,Logical thinking,2,Undirected
Abstraction,Modularity,1,Undirected
Modularity,Robotics,1,Undirected
College,Robotics,2,Undirected
Early childhood education,Programming,13,Undirected
Block programming,Flipped classroom,1,Undirected
Block programming,Pair programming,1,Undirected
Block programming,Programming,8,Undirected
Flipped classroom,Pair programming,1,Undirected
Flipped classroom,Programming,3,Undirected
Experimental,Kindergarten,2,Undirected
Experimental,Post-test,25,Undirected
Kindergarten,Post-test,2,Undirected
Kindergarten,Primary school,2,Undirected
Kindergarten,Robotics,15,Undirected
Post-test,Primary school,6,Undirected
Post-test,Robotics,7,Undirected
Computational Thinking Scale - CTS,University,4,Undirected
Computational Thinking Scale - CTS,Variables,2,Undirected
University,Variables,9,Undirected
Confirmatory Factor Analysis - CFA,Engagement,3,Undirected
Engagement,Primary school,8,Undirected
Alice,Engagement,2,Undirected
Alice,Experimental,1,Undirected
Alice,Problem solving,1,Undirected
Alice,Programming,4,Undirected
Alice,Scratch,4,Undirected
Alice,Variables,1,Undirected
Engagement,Experimental,30,Undirected
Experimental,Variables,21,Undirected
Problem solving,Scratch,8,Undirected
Problem solving,Variables,8,Undirected
College,Directions,2,Undirected
College,High school,6,Undirected
College,Reliability,4,Undirected
College,Validity,3,Undirected
Directions,High school,3,Undirected
Directions,Programming,14,Undirected
Directions,Reliability,7,Undirected
Directions,Validity,3,Undirected
High school,Reliability,3,Undirected
High school,Validity,3,Undirected
Code.org,Experimental,4,Undirected
Code.org,Functions,2,Undirected
Code.org,Primary school,3,Undirected
Code.org,STEM,2,Undirected
Coding,Functions,16,Undirected
Experimental,Functions,33,Undirected
Functions,Primary school,4,Undirected
Primary school,STEM,8,Undirected
Engagement,Secondary education,2,Undirected
Loops,University,3,Undirected
Coding,Perceptions,7,Undirected
Experimental,Motivation,26,Undirected
Experimental,Unplugged activities,10,Undirected
Motivation,Unplugged activities,2,Undirected
Early childhood education,Preschool,5,Undirected
Engagement,Self-efficacy,6,Undirected
Mixed methods,Self-efficacy,1,Undirected
Coding,Variables,7,Undirected
Elementary school,ScratchJr,1,Undirected
Experimental,ScratchJr,2,Undirected
Collaboration,Directions,7,Undirected
Directions,University,3,Undirected
Coding,Coding Attitudes Survey - ESCAS,2,Undirected
Coding,Elementary Student Coding Attitudes Survey - ESCAS,2,Undirected
Coding Attitudes Survey - ESCAS,Elementary Student Coding Attitudes Survey - ESCAS,2,Undirected
Conditionals,Events,1,Undirected
Conditionals,Scratch,2,Undirected
Events,Experimental,10,Undirected
Events,Scratch,2,Undirected
Events,Sequences,6,Undirected
High school,Perceptions,5,Undirected
Code.org,Logic,1,Undirected
Code.org,Scratch,1,Undirected
Code.org,University,1,Undirected
Logic,University,6,Undirected
Algorithm,Evaluation,44,Undirected
Coding,Collaboration,10,Undirected
Collaboration,Critical thinking,19,Undirected
Collaboration,Robotics,11,Undirected
Critical thinking,Robotics,6,Undirected
Coding,Self-efficacy,9,Undirected
Motivation,Self-efficacy,14,Undirected
Motivation,University,15,Undirected
Self-efficacy,University,8,Undirected
Abstraction,Game-based learning,2,Undirected
Abstraction,Motivation,5,Undirected
Abstraction,Persistence,1,Undirected
Game-based learning,Motivation,6,Undirected
Game-based learning,Persistence,2,Undirected
Motivation,Persistence,1,Undirected
Computational concepts,University,2,Undirected
Evaluation,Flipped classroom,1,Undirected
Flipped classroom,University,1,Undirected
Abstraction,Debug,2,Undirected
Debug,Evaluation,1,Undirected
Debug,Scratch,1,Undirected
Abstraction,Self-efficacy,3,Undirected
Critical thinking,Logic,6,Undirected
Abstraction,High school,5,Undirected
Experimental,Generalization,12,Undirected
Generalization,High school,2,Undirected
Directions,Motivation,3,Undirected
Algorithm,Motivation,6,Undirected
Collaborative learning,Game-based learning,2,Undirected
Collaborative learning,Problem-based learning,3,Undirected
Game-based learning,Problem-based learning,2,Undirected
Elementary school,Technology-enhanced learning,3,Undirected
Experimental,Technology-enhanced learning,3,Undirected
Elementary school,Primary school,2,Undirected
Elementary school,Secondary school,2,Undirected
Primary school,Secondary school,7,Undirected
Primary school,University,10,Undirected
Computational concepts,Debug,1,Undirected
High school,Robotics,5,Undirected
Creativity,Game-based learning,3,Undirected
Creativity,Elementary school,7,Undirected
Coding,Gamification,2,Undirected
Gamification,Problem solving,2,Undirected
Gamification,Programming,5,Undirected
Motivation,STEM,8,Undirected
Algorithmic thinking,University,11,Undirected
Collaboration,Creativity,17,Undirected
Collaboration,Higher education,4,Undirected
Creativity,Higher education,7,Undirected
Critical thinking,Higher education,9,Undirected
Arduino,Experimental,1,Undirected
Arduino,High school,4,Undirected
Arduino,Robotics,5,Undirected
High school,Scratch,2,Undirected
Robotics,Scratch,8,Undirected
Arduino,Secondary school,2,Undirected
Coding,Higher education,2,Undirected
College,Higher education,2,Undirected
Higher education,Motivation,4,Undirected
Abstraction,Patterns recognition,2,Undirected
Algorithm,Patterns recognition,1,Undirected
Decomposition,Patterns recognition,2,Undirected
Confirmatory Factor Analysis - CFA,STEM,1,Undirected
Abstraction,Secondary education,3,Undirected
Experimental,Secondary education,1,Undirected
Motivation,Problem solving,9,Undirected
Collaborative learning,Robotics,4,Undirected
Creativity,Problem-based learning,2,Undirected
Problem-based learning,Robotics,2,Undirected
Game-based learning,STEM,5,Undirected
Computational concepts,Engagement,3,Undirected
STEM,Variables,4,Undirected
Conditionals,Functions,5,Undirected
Conditionals,Loops,10,Undirected
Conditionals,Secondary education,2,Undirected
Conditionals,Self-efficacy,2,Undirected
Conditionals,Variables,2,Undirected
Functions,Logic,12,Undirected
Functions,Loops,8,Undirected
Functions,Secondary education,2,Undirected
Functions,Self-efficacy,2,Undirected
Functions,Sequences,6,Undirected
Functions,Variables,13,Undirected
Logic,Loops,3,Undirected
Logic,Secondary education,2,Undirected
Logic,Self-efficacy,4,Undirected
Logic,Variables,13,Undirected
Loops,Secondary education,2,Undirected
Loops,Self-efficacy,2,Undirected
Loops,Variables,4,Undirected
Secondary education,Self-efficacy,3,Undirected
Secondary education,Sequences,2,Undirected
Secondary education,Variables,2,Undirected
Self-efficacy,Sequences,2,Undirected
Sequences,Variables,2,Undirected
Abstraction,Computational concepts,2,Undirected
Algorithm,Computational concepts,1,Undirected
Algorithm,Generalization,11,Undirected
Algorithmic thinking,Computational concepts,1,Undirected
Computational concepts,Decomposition,2,Undirected
Computational concepts,Evaluation,5,Undirected
Computational concepts,Generalization,1,Undirected
Code.org,Problem solving,2,Undirected
Abstraction,CT Scale - CTS,3,Undirected
Abstraction,Computational Thinking Scale - CTS,2,Undirected
Abstraction,Variables,3,Undirected
Algorithmic thinking,CT Scale - CTS,3,Undirected
Algorithmic thinking,Computational Thinking Scale - CTS,4,Undirected
CT Scale - CTS,Computational Thinking Scale - CTS,5,Undirected
CT Scale - CTS,Decomposition,3,Undirected
CT Scale - CTS,Evaluation,6,Undirected
CT Scale - CTS,Generalization,2,Undirected
CT Scale - CTS,High school,2,Undirected
CT Scale - CTS,Variables,1,Undirected
Computational Thinking Scale - CTS,Decomposition,2,Undirected
Computational Thinking Scale - CTS,Evaluation,3,Undirected
Computational Thinking Scale - CTS,Generalization,2,Undirected
Computational Thinking Scale - CTS,High school,2,Undirected
Decomposition,Variables,6,Undirected
Evaluation,High school,8,Undirected
Evaluation,Variables,10,Undirected
Generalization,Variables,7,Undirected
High school,Variables,6,Undirected
Persistence,Variables,2,Undirected
Creativity,Logic,7,Undirected
Creativity,Scratch,5,Undirected
Algorithmic thinking,Kindergarten,2,Undirected
Algorithmic thinking,Validity,3,Undirected
Kindergarten,Reliability,1,Undirected
Kindergarten,Validity,1,Undirected
Primary school,Secondary education,2,Undirected
Algorithmic thinking,Item Response Theory (IRT) - IRT,2,Undirected
Item Response Theory (IRT) - IRT,Primary school,3,Undirected
Algorithm,Elementary school,6,Undirected
Algorithmic thinking,Critical thinking,10,Undirected
Computational Thinking Scale - CTS,Creativity,2,Undirected
Computational Thinking Scale - CTS,Critical thinking,2,Undirected
Computational Thinking Scale - CTS,STEM,2,Undirected
Arduino,Reliability,1,Undirected
Arduino,STEM,6,Undirected
Arduino,Validity,1,Undirected
Reliability,STEM,1,Undirected
STEM,Validity,2,Undirected
Directions,Problem solving,3,Undirected
Coding,Confirmatory Factor Analysis - CFA,1,Undirected
College,Engagement,3,Undirected
Conditionals,Directions,3,Undirected
Directions,Experimental,19,Undirected
Directions,Functions,10,Undirected
Directions,Loops,4,Undirected
Perceptions,Secondary school,3,Undirected
Secondary school,Variables,4,Undirected
Abstraction,Creativity,8,Undirected
Abstraction,Logic,7,Undirected
Abstraction,Sequences,4,Undirected
Creativity,Decomposition,3,Undirected
Creativity,Sequences,1,Undirected
Decomposition,Sequences,3,Undirected
Logic,Problem solving,4,Undirected
Problem solving,Sequences,4,Undirected
Elementary school,Motivation,9,Undirected
Elementary school,Variables,3,Undirected
Robotics,Variables,6,Undirected
CT Scale - CTS,Cooperation,1,Undirected
Primary school,Validity,7,Undirected
Abstraction,Engagement,6,Undirected
Algorithmic thinking,Engagement,3,Undirected
Decomposition,Engagement,3,Undirected
Algorithmic thinking,Arduino,2,Undirected
Algorithmic thinking,Post-test,3,Undirected
Arduino,Creativity,1,Undirected
Arduino,Critical thinking,1,Undirected
Arduino,Post-test,1,Undirected
Arduino,Problem solving,2,Undirected
Creativity,Post-test,3,Undirected
Critical thinking,Post-test,5,Undirected
Post-test,Problem solving,5,Undirected
Creativity,Secondary education,2,Undirected
STEM,Secondary education,3,Undirected
Coding,Parallelism,1,Undirected
Coding,Problem-based learning,2,Undirected
Collaboration,Parallelism,1,Undirected
Collaboration,Problem-based learning,2,Undirected
Parallelism,Problem-based learning,2,Undirected
Secondary education,Secondary school,4,Undirected
Secondary education,Structural Equation Model - SEM,1,Undirected
Secondary school,Self-efficacy,5,Undirected
Secondary school,Structural Equation Model - SEM,2,Undirected
Evaluation,Problem-based learning,2,Undirected
Abstraction,Computational Thinking Assessment for Chinese Elementary Students - CTA-CES,1,Undirected
Abstraction,Reliability,4,Undirected
Abstraction,Validity,3,Undirected
Algorithm,Computational Thinking Assessment for Chinese Elementary Students - CTA-CES,1,Undirected
Algorithm,Validity,5,Undirected
Computational Thinking Assessment for Chinese Elementary Students - CTA-CES,Decomposition,1,Undirected
Computational Thinking Assessment for Chinese Elementary Students - CTA-CES,Evaluation,1,Undirected
Computational Thinking Assessment for Chinese Elementary Students - CTA-CES,Reliability,1,Undirected
Computational Thinking Assessment for Chinese Elementary Students - CTA-CES,Validity,1,Undirected
Decomposition,Reliability,5,Undirected
Decomposition,Validity,2,Undirected
Evaluation,Reliability,24,Undirected
Evaluation,Validity,17,Undirected
Higher education,Secondary education,2,Undirected
Conditionals,Generalization,1,Undirected
Collaboration,Motivation,13,Undirected
Elementary school,Engagement,6,Undirected
Engagement,Logic,3,Undirected
Cooperative learning,Evaluation,1,Undirected
Construct-by-self mind mapping,Construct-on-scaffold mind mapping,2,Undirected
Construct-by-self mind mapping,Primary school,2,Undirected
Construct-by-self mind mapping,Programming,2,Undirected
Construct-by-self mind mapping,Scratch,2,Undirected
Construct-on-scaffold mind mapping,Primary school,2,Undirected
Construct-on-scaffold mind mapping,Programming,2,Undirected
Construct-on-scaffold mind mapping,Scratch,2,Undirected
CT Scale - CTS,Design-based learning,1,Undirected
CT Scale - CTS,Programming,3,Undirected
Design-based learning,Evaluation,2,Undirected
Design-based learning,Programming,5,Undirected
Design-based learning,University,1,Undirected
Abstraction,Confirmatory Factor Analysis - CFA,1,Undirected
Abstraction,Structural Equation Model - SEM,2,Undirected
Algorithmic thinking,Structural Equation Model - SEM,2,Undirected
CT Scale - CTS,Structural Equation Model - SEM,1,Undirected
Computational Thinking Scale - CTS,Confirmatory Factor Analysis - CFA,3,Undirected
Computational Thinking Scale - CTS,Structural Equation Model - SEM,3,Undirected
Confirmatory Factor Analysis - CFA,Decomposition,1,Undirected
Confirmatory Factor Analysis - CFA,Evaluation,3,Undirected
Confirmatory Factor Analysis - CFA,Generalization,1,Undirected
Decomposition,Structural Equation Model - SEM,1,Undirected
Evaluation,Structural Equation Model - SEM,1,Undirected
Generalization,Reliability,5,Undirected
Generalization,Structural Equation Model - SEM,1,Undirected
Reliability,Structural Equation Model - SEM,1,Undirected
Primary school,ScratchJr,1,Undirected
Coding,Universal design for learning,1,Undirected
High school,Logic,2,Undirected
Coding,Preschool,11,Undirected
Functions,Preschool,2,Undirected
Functions,Problem solving,13,Undirected
Preschool,Problem solving,3,Undirected
Problem solving,Problem-based learning,2,Undirected
Problem-based learning,STEM,1,Undirected
High school,Unplugged activities,2,Undirected
Elementary school,Flipped classroom,1,Undirected
Engagement,Flipped classroom,1,Undirected
Engagement,Perceptions,5,Undirected
Experimental,Flipped classroom,2,Undirected
Flipped classroom,Perceptions,1,Undirected
Evaluation,Game-based learning,3,Undirected
Engagement,Instrument of computational identity,1,Undirected
Engagement,Validity,4,Undirected
Instrument of computational identity,Primary school,1,Undirected
Instrument of computational identity,Programming,1,Undirected
Instrument of computational identity,Validity,1,Undirected
Evaluation,Post-test,4,Undirected
Evaluation,Pre-test,3,Undirected
Evaluation,Robotics,10,Undirected
High school,Post-test,6,Undirected
High school,Pre-test,2,Undirected
Post-test,Pre-test,13,Undirected
Pre-test,Robotics,2,Undirected
Elementary school,High school,4,Undirected
Elementary school,Reliability,3,Undirected
Coding,Competent Computational Thinking test - cCTt,1,Undirected
Coding,Reliability,3,Undirected
Coding,Validity,4,Undirected
Competent Computational Thinking test - cCTt,Reliability,2,Undirected
Competent Computational Thinking test - cCTt,Validity,2,Undirected
Directions,Project-based learning,2,Undirected
Collaboration,High school,3,Undirected
Engagement,Inquiry-based learning,2,Undirected
Experimental,Inquiry-based learning,3,Undirected
Inquiry-based learning,University,2,Undirected
Evaluation,STEM,5,Undirected
Project-based learning,Robotics,3,Undirected
Project-based learning,Secondary education,2,Undirected
Project-based learning,Secondary school,1,Undirected
Robotics,Secondary education,1,Undirected
Robotics,Secondary school,5,Undirected
Critical thinking,Motivation,16,Undirected
Emotional,Project-based learning,1,Undirected
Collaboration,Logical thinking,3,Undirected
Collaboration,Preschool,3,Undirected
Logical thinking,Preschool,1,Undirected
College,University,11,Undirected
Experimental,Pre-test,10,Undirected
Post-test,Scratch,4,Undirected
Pre-test,Programming,4,Undirected
Pre-test,Scratch,1,Undirected
CT Scale - CTS,Computational Thinking Test - CTt,2,Undirected
CT Scale - CTS,Computational Thinking Test for Elementary School Students,1,Undirected
CT Scale - CTS,Elementary school,1,Undirected
Computational Thinking Scale - CTS,Computational Thinking Test - CTt,1,Undirected
Computational Thinking Scale - CTS,Computational Thinking Test for Elementary School Students,1,Undirected
Computational Thinking Scale - CTS,Elementary school,1,Undirected
Computational Thinking Scale - CTS,Programming,4,Undirected
Computational Thinking Scale - CTS,Validity,3,Undirected
Computational Thinking Test - CTt,Computational Thinking Test for Elementary School Students,1,Undirected
Computational Thinking Test - CTt,Elementary school,1,Undirected
Computational Thinking Test - CTt,Programming,4,Undirected
Computational Thinking Test for Elementary School Students,Elementary school,1,Undirected
Computational Thinking Test for Elementary School Students,Programming,1,Undirected
Computational Thinking Test for Elementary School Students,Reliability,1,Undirected
Computational Thinking Test for Elementary School Students,Validity,1,Undirected
High school,Self-efficacy,5,Undirected
Early childhood education,Experimental,5,Undirected
Early childhood education,Robotics,12,Undirected
Early childhood education,Secondary education,2,Undirected
Collaboration,Post-test,1,Undirected
Collaboration,Pre-test,1,Undirected
Emotional,Motivation,3,Undirected
Generalization,STEM,2,Undirected
Classical Test Theory - CTT,Competent Computational Thinking test - cCTt,1,Undirected
Classical Test Theory - CTT,Confirmatory Factor Analysis - CFA,2,Undirected
Classical Test Theory - CTT,Evaluation,1,Undirected
Classical Test Theory - CTT,Primary school,2,Undirected
Classical Test Theory - CTT,Reliability,3,Undirected
Classical Test Theory - CTT,Validity,3,Undirected
Competent Computational Thinking test - cCTt,Confirmatory Factor Analysis - CFA,1,Undirected
Competent Computational Thinking test - cCTt,Evaluation,1,Undirected
Competent Computational Thinking test - cCTt,Primary school,1,Undirected
Primary school,Reliability,6,Undirected
Decomposition,Scratch,6,Undirected
Early childhood education,Kindergarten,6,Undirected
Evaluation,Self-efficacy,4,Undirected
Problem solving,Reliability,3,Undirected
Problem solving,Validity,2,Undirected
Algorithmic thinking,Motivation,3,Undirected
Functions,University,11,Undirected
Critical thinking,Design-based learning,1,Undirected
Critical thinking,Scratch,6,Undirected
Arduino,Primary school,1,Undirected
Algorithm,Secondary education,1,Undirected
Decomposition,Secondary education,2,Undirected
Generalization,Secondary education,1,Undirected
Collaboration,Evaluation,12,Undirected
Engagement,Evaluation,12,Undirected
Evaluation,Motivation,9,Undirected
Abstraction,Functions,6,Undirected
Abstraction,Loops,3,Undirected
Algorithmic thinking,Functions,2,Undirected
Algorithmic thinking,Loops,4,Undirected
Algorithmic thinking,Sequences,2,Undirected
Critical thinking,Self-efficacy,5,Undirected
Critical thinking,Variables,9,Undirected
Higher education,Problem solving,1,Undirected
Higher education,University,12,Undirected
Flipped classroom,Robotics,1,Undirected
Block programming,Logic,1,Undirected
Block programming,Variables,1,Undirected
Abstraction,Early childhood education,2,Undirected
Algorithm,Early childhood education,1,Undirected
Decomposition,Early childhood education,2,Undirected
Coding,Exploratory Factor Analysis - EFA,1,Undirected
Elementary school,Exploratory Factor Analysis - EFA,1,Undirected
Algorithmic thinking,Scratch,2,Undirected
Early childhood education,University,1,Undirected
Algorithmic thinking,Reverse engineering pedagogy,1,Undirected
CT Scale - CTS,Creativity,1,Undirected
CT Scale - CTS,Experimental,2,Undirected
CT Scale - CTS,Primary school,2,Undirected
CT Scale - CTS,Reverse engineering pedagogy,1,Undirected
CT Scale - CTS,STEM,3,Undirected
Computational Thinking Scale - CTS,Primary school,3,Undirected
Computational Thinking Scale - CTS,Reverse engineering pedagogy,1,Undirected
Creativity,Reverse engineering pedagogy,2,Undirected
Experimental,Reverse engineering pedagogy,2,Undirected
Primary school,Reverse engineering pedagogy,2,Undirected
Reverse engineering pedagogy,STEM,1,Undirected
Abstraction,Elementary school,4,Undirected
Algorithm,High school,2,Undirected
Algorithm,Unplugged activities,1,Undirected
Elementary school,Unplugged activities,2,Undirected
Early childhood education,Plugged activities,1,Undirected
Design-based learning,Problem solving,1,Undirected
Design-based learning,Self-perceived,1,Undirected
Elementary school,Self-perceived,1,Undirected
Problem solving,Self-perceived,1,Undirected
Programming,Self-perceived,1,Undirected
Critical thinking,Flipped classroom,3,Undirected
Game-based learning,Primary school,3,Undirected
Events,Problem-based learning,1,Undirected
Problem-based learning,Programming,4,Undirected
Game-based learning,Personalized learning,2,Undirected
Collaboration,Early childhood education,4,Undirected
Collaboration,Secondary school,4,Undirected
Critical thinking,Early childhood education,3,Undirected
Critical thinking,Secondary school,4,Undirected
Early childhood education,Secondary school,1,Undirected
Computational Thinking Test - CTt,Evaluation,2,Undirected
Computational Thinking Test - CTt,High school,2,Undirected
Computational Thinking Challenge - CTC,Evaluation,1,Undirected
Computational Thinking Challenge - CTC,Programming,1,Undirected
Computational Thinking Challenge - CTC,Secondary school,1,Undirected
Evaluation,Secondary school,1,Undirected
Motivation,Primary school,12,Undirected
Logic,Motivation,5,Undirected
Evaluation,Kindergarten,5,Undirected
Evaluation,ScratchJr,2,Undirected
Elementary school,Game-based learning,2,Undirected
Game-based learning,Reliability,1,Undirected
Collaboration,Logic,3,Undirected
Logic,Logical thinking,4,Undirected
Logical thinking,Motivation,1,Undirected
Experimental,Secondary school,6,Undirected
Secondary school,Unplugged activities,2,Undirected
Debug,Decomposition,1,Undirected
Debug,Experimental,1,Undirected
College,Creativity,5,Undirected
Abstraction,Problem-based learning,1,Undirected
Parallelism,Scratch,1,Undirected
Problem-based learning,Scratch,1,Undirected
Elementary school,Post-test,2,Undirected
Post-test,Self-efficacy,4,Undirected
Abstraction,Kindergarten,1,Undirected
Algorithmic thinking,Preschool,1,Undirected
Post-test,Preschool,1,Undirected
Coding,Debug,2,Undirected
Debug,Preschool,2,Undirected
Computational Thinking Test - CTt,Robotics,2,Undirected
Computational Thinking Scale - CTS,Self-efficacy,2,Undirected
Elementary school,Evaluation,3,Undirected
Collaboration,Scratch,3,Undirected
Classical Test Theory - CTT,Computational Thinking Test - CTt,1,Undirected
Classical Test Theory - CTT,Computational Thinking Test for Lower Primary - CTtLP,1,Undirected
Classical Test Theory - CTT,Early childhood education,1,Undirected
Classical Test Theory - CTT,Evidence-centred design approach,1,Undirected
Classical Test Theory - CTT,Item Response Theory (IRT) - IRT,1,Undirected
Classical Test Theory - CTT,Programming,1,Undirected
Computational Thinking Test - CTt,Computational Thinking Test for Lower Primary - CTtLP,1,Undirected
Computational Thinking Test - CTt,Early childhood education,1,Undirected
Computational Thinking Test - CTt,Evidence-centred design approach,1,Undirected
Computational Thinking Test - CTt,Item Response Theory (IRT) - IRT,1,Undirected
Computational Thinking Test - CTt,Primary school,2,Undirected
Computational Thinking Test for Lower Primary - CTtLP,Early childhood education,1,Undirected
Computational Thinking Test for Lower Primary - CTtLP,Evidence-centred design approach,1,Undirected
Computational Thinking Test for Lower Primary - CTtLP,Item Response Theory (IRT) - IRT,1,Undirected
Computational Thinking Test for Lower Primary - CTtLP,Primary school,1,Undirected
Computational Thinking Test for Lower Primary - CTtLP,Programming,1,Undirected
Computational Thinking Test for Lower Primary - CTtLP,Reliability,1,Undirected
Computational Thinking Test for Lower Primary - CTtLP,Validity,1,Undirected
Early childhood education,Evidence-centred design approach,1,Undirected
Early childhood education,Item Response Theory (IRT) - IRT,1,Undirected
Early childhood education,Primary school,1,Undirected
Early childhood education,Reliability,2,Undirected
Early childhood education,Validity,1,Undirected
Evidence-centred design approach,Item Response Theory (IRT) - IRT,1,Undirected
Evidence-centred design approach,Primary school,1,Undirected
Evidence-centred design approach,Programming,1,Undirected
Evidence-centred design approach,Reliability,1,Undirected
Evidence-centred design approach,Validity,1,Undirected
Item Response Theory (IRT) - IRT,Programming,1,Undirected
Item Response Theory (IRT) - IRT,Reliability,3,Undirected
Item Response Theory (IRT) - IRT,Validity,3,Undirected
Collaborative learning,Debug,1,Undirected
Collaborative learning,STEM,5,Undirected
Debug,Game-based learning,1,Undirected
Collaborative learning,College,2,Undirected
College,Logic,2,Undirected
Creativity,University,15,Undirected
Computational Thinking Scale - CTS,Post-test,2,Undirected
Computational Thinking Scale - CTS,Pre-test,2,Undirected
Computational Thinking Scale - CTS,Project-based learning,1,Undirected
Post-test,Project-based learning,1,Undirected
Post-test,Validity,1,Undirected
Pre-test,Primary school,2,Undirected
Pre-test,Project-based learning,1,Undirected
Pre-test,Validity,1,Undirected
Primary school,Project-based learning,3,Undirected
Project-based learning,Validity,1,Undirected
Motivation,Perceptions,11,Undirected
Perceptions,Primary school,2,Undirected
Exploratory Factor Analysis - EFA,Variables,2,Undirected
Abstraction,Emotional,1,Undirected
Algorithmic thinking,Elementary school,1,Undirected
Algorithmic thinking,Emotional,1,Undirected
Algorithmic thinking,Patterns recognition,1,Undirected
Coding,Patterns recognition,1,Undirected
Decomposition,Emotional,1,Undirected
Elementary school,Emotional,2,Undirected
Elementary school,Logical thinking,1,Undirected
Elementary school,Patterns recognition,1,Undirected
Emotional,Evaluation,12,Undirected
Emotional,Generalization,2,Undirected
Emotional,Logical thinking,1,Undirected
Emotional,Patterns recognition,1,Undirected
Evaluation,Logical thinking,1,Undirected
Evaluation,Patterns recognition,1,Undirected
Generalization,Logical thinking,1,Undirected
Generalization,Patterns recognition,1,Undirected
Logical thinking,Patterns recognition,1,Undirected
Emotional,Higher education,3,Undirected
Engagement,Higher education,7,Undirected
Computational Thinking Scale - CTS,Motivation,2,Undirected
Motivation,Structural Equation Model - SEM,4,Undirected
Creativity,Motivation,14,Undirected
Collaboration,Validity,3,Undirected
Algorithm,Logic,12,Undirected
Collaboration,Cooperation,2,Undirected
Collaborative learning,High school,2,Undirected
Emotional,Robotics,4,Undirected
Block programming,Secondary education,1,Undirected
Directions,STEM,5,Undirected
Conditionals,Evaluation,1,Undirected
Conditionals,Parallelism,1,Undirected
Evaluation,Loops,1,Undirected
Evaluation,Parallelism,1,Undirected
Evaluation,Sequences,2,Undirected
Loops,Parallelism,1,Undirected
Parallelism,Sequences,1,Undirected
Coding,Modularity,3,Undirected
Kindergarten,Modularity,1,Undirected
Kindergarten,Sequences,2,Undirected
Modularity,Sequences,1,Undirected
Pair programming,Scratch,3,Undirected
Emotional,Scratch,1,Undirected
Abstraction,Higher education,3,Undirected
Algorithm,CT Scale - CTS,1,Undirected
Algorithm,Higher education,1,Undirected
CT Scale - CTS,Engagement,1,Undirected
CT Scale - CTS,Higher education,2,Undirected
Decomposition,Higher education,3,Undirected
Experimental,Higher education,3,Undirected
Abstraction,Arduino,1,Undirected
Algorithmic thinking,College,1,Undirected
Algorithmic thinking,Robotics,4,Undirected
Arduino,College,3,Undirected
Arduino,Decomposition,1,Undirected
College,Decomposition,4,Undirected
Algorithmic thinking,Unplugged activities,1,Undirected
Loops,Perceptions,3,Undirected
Loops,Unplugged activities,2,Undirected
Perceptions,Unplugged activities,2,Undirected
Arduino,Early childhood education,1,Undirected
Arduino,Evaluation,1,Undirected
Early childhood education,Evaluation,2,Undirected
Early childhood education,High school,1,Undirected
Algorithm,Critical thinking,4,Undirected
Abstraction,Computational Thinking Test - CTt,2,Undirected
Abstraction,Mixed methods,3,Undirected
Algorithmic thinking,Computational Thinking Test - CTt,1,Undirected
Algorithmic thinking,Mixed methods,1,Undirected
Computational Thinking Test - CTt,Critical thinking,1,Undirected
Computational Thinking Test - CTt,Mixed methods,1,Undirected
Computational Thinking Test - CTt,Problem solving,1,Undirected
Computational Thinking Test - CTt,STEM,1,Undirected
Critical thinking,Mixed methods,1,Undirected
Mixed methods,Problem solving,1,Undirected
Preschool,STEM,3,Undirected
Algorithm,Coding,6,Undirected
Algorithm,Secondary school,2,Undirected
Coding,Secondary school,4,Undirected
Coding,Computational Thinking Scale - CTS,1,Undirected
Coding,Post-test,3,Undirected
Coding,Pre-test,2,Undirected
Post-test,University,2,Undirected
Pre-test,University,2,Undirected
Coding,Early childhood education,13,Undirected
Collaboration,Emotional,4,Undirected
Early childhood education,Emotional,3,Undirected
Early childhood education,STEM,2,Undirected
Algorithmic thinking,Conditionals,2,Undirected
Algorithmic thinking,Project-based learning,2,Undirected
Collaborative learning,Conditionals,1,Undirected
Collaborative learning,Kindergarten,1,Undirected
Collaborative learning,Loops,1,Undirected
Collaborative learning,Project-based learning,2,Undirected
Conditionals,Kindergarten,1,Undirected
Conditionals,Project-based learning,1,Undirected
Kindergarten,Loops,1,Undirected
Kindergarten,Project-based learning,1,Undirected
Loops,Project-based learning,1,Undirected
Loops,Robotics,2,Undirected
Coding,Computational Thinking Test - CTt,2,Undirected
Computational Thinking Test - CTt,Decomposition,1,Undirected
Computational Thinking Test - CTt,Logical thinking,1,Undirected
Creativity,Early childhood education,5,Undirected
Creativity,Emotional,9,Undirected
Creativity,Preschool,6,Undirected
Emotional,Preschool,2,Undirected
Experimental,Preschool,7,Undirected
Algorithm,Functions,29,Undirected
Creativity,Evaluation,17,Undirected
Creativity,Project-based learning,1,Undirected
Evaluation,Project-based learning,3,Undirected
Experimental,Problem-based learning,3,Undirected
Experimental,Project-based learning,1,Undirected
Problem-based learning,Project-based learning,2,Undirected
Arduino,Self-efficacy,1,Undirected
Arduino,Variables,2,Undirected
Logical thinking,Variables,2,Undirected
Abstraction,Conditionals,2,Undirected
Abstraction,Directions,2,Undirected
Algorithmic thinking,Directions,3,Undirected
Conditionals,Critical thinking,1,Undirected
Conditionals,Decomposition,2,Undirected
Conditionals,Problem solving,1,Undirected
Conditionals,University,1,Undirected
Critical thinking,Directions,6,Undirected
Critical thinking,Functions,5,Undirected
Critical thinking,Loops,1,Undirected
Critical thinking,Sequences,1,Undirected
Decomposition,Directions,1,Undirected
Decomposition,Functions,7,Undirected
Decomposition,Loops,2,Undirected
Directions,Sequences,4,Undirected
Loops,Problem solving,1,Undirected
Sequences,University,2,Undirected
Critical thinking,High school,4,Undirected
Directions,Robotics,8,Undirected
Directions,Scratch,3,Undirected
Experimental,Structural Equation Model - SEM,2,Undirected
Creativity,Personalized learning,2,Undirected
Engagement,Game-based learning,6,Undirected
Engagement,Personalized learning,3,Undirected
Experimental,Personalized learning,3,Undirected
Motivation,Personalized learning,1,Undirected
Higher education,Structural Equation Model - SEM,2,Undirected
Persistence,Problem solving,2,Undirected
Longitudinal research,Primary school,2,Undirected
CUBETTO,Coding,3,Undirected
CUBETTO,Early childhood education,2,Undirected
High school,Mixed methods,1,Undirected
Computational Thinking Test - CTt,Higher education,1,Undirected
Computational Thinking Test - CTt,University,1,Undirected
Directions,Variables,2,Undirected
Computational Thinking Scale - CTS,Robotics,1,Undirected
Confirmatory Factor Analysis - CFA,Robotics,1,Undirected
Robotics,Structural Equation Model - SEM,1,Undirected
CT Scale - CTS,Computational Thinking Challenge - CTC,1,Undirected
Computational Thinking Challenge - CTC,Confirmatory Factor Analysis - CFA,1,Undirected
Computational Thinking Challenge - CTC,Exploratory Factor Analysis - EFA,1,Undirected
Computational Thinking Challenge - CTC,Primary school,1,Undirected
Computational Thinking Challenge - CTC,Reliability,1,Undirected
Computational Thinking Challenge - CTC,Validity,2,Undirected
Exploratory Factor Analysis - EFA,Primary school,1,Undirected
Algorithmic thinking,Higher education,2,Undirected
Generalization,Higher education,1,Undirected
Algorithm,Mobile application,1,Undirected
Mobile application,Programming,1,Undirected
Mobile application,Reliability,1,Undirected
Preschool,Self-efficacy,2,Undirected
Motivation,Reliability,3,Undirected
Reliability,Robotics,1,Undirected
Block programming,Emotional,1,Undirected
Block programming,Self-efficacy,1,Undirected
Emotional,Self-efficacy,3,Undirected
Beginners Computational Thinking test - BCTt,Computational Thinking Test - CTt,1,Undirected
Beginners Computational Thinking test - BCTt,Computational concepts,1,Undirected
Beginners Computational Thinking test - BCTt,Conditionals,1,Undirected
Beginners Computational Thinking test - BCTt,Loops,1,Undirected
Beginners Computational Thinking test - BCTt,Preschool,1,Undirected
Beginners Computational Thinking test - BCTt,Reliability,1,Undirected
Beginners Computational Thinking test - BCTt,Sequences,1,Undirected
Computational Thinking Test - CTt,Computational concepts,1,Undirected
Computational Thinking Test - CTt,Conditionals,1,Undirected
Computational Thinking Test - CTt,Loops,1,Undirected
Computational Thinking Test - CTt,Preschool,2,Undirected
Computational Thinking Test - CTt,Sequences,1,Undirected
Computational concepts,Preschool,1,Undirected
Computational concepts,Reliability,1,Undirected
Conditionals,Preschool,1,Undirected
Conditionals,Reliability,1,Undirected
Loops,Preschool,1,Undirected
Loops,Reliability,1,Undirected
Preschool,Reliability,1,Undirected
Preschool,Sequences,1,Undirected
Reliability,Sequences,2,Undirected
Secondary school,Validity,2,Undirected
Collaborative learning,Engagement,4,Undirected
Collaborative learning,Motivation,2,Undirected
Primary school,Variables,7,Undirected
Computational Thinking Scale - CTS,Computational concepts,1,Undirected
Computational Thinking Scale - CTS,Flipped classroom,1,Undirected
Computational Thinking Scale - CTS,Higher education,1,Undirected
Computational concepts,Flipped classroom,1,Undirected
Computational concepts,Higher education,1,Undirected
Flipped classroom,Higher education,1,Undirected
Flipped classroom,Primary school,1,Undirected
Higher education,Primary school,1,Undirected
Logical thinking,Sequences,3,Undirected
Code.org,Elementary school,2,Undirected
Code.org,Self-efficacy,2,Undirected
Functions,Post-test,3,Undirected
Functions,Pre-test,3,Undirected
Early childhood education,ScratchJr,2,Undirected
Algorithm,Inquiry-based learning,1,Undirected
Algorithmic thinking,Inquiry-based learning,1,Undirected
Coding,Inquiry-based learning,1,Undirected
High school,Inquiry-based learning,1,Undirected
Game-based learning,Self-efficacy,2,Undirected
Engagement,Gamification,4,Undirected
Experimental,Gamification,2,Undirected
Inquiry-based learning,Motivation,1,Undirected
Inquiry-based learning,Self-efficacy,1,Undirected
Critical thinking,Game-based learning,1,Undirected
Game-based learning,Problem solving,1,Undirected
Creativity,High school,2,Undirected
Mixed methods,Perceptions,1,Undirected
High school,Personalized learning,1,Undirected
Critical thinking,Engagement,18,Undirected
STEM,Sequences,1,Undirected
Engagement,Kindergarten,2,Undirected
Elementary school,Preschool,1,Undirected
Emotional,Kindergarten,4,Undirected
Kindergarten,Preschool,3,Undirected
Validity,Variables,3,Undirected
Abstraction,Primary school,2,Undirected
STEM,Structural Equation Model - SEM,1,Undirected
Collaborative learning,Inquiry-based learning,1,Undirected
Collaborative learning,University,6,Undirected
Inquiry-based learning,Programming,1,Undirected
Inquiry-based learning,Project-based learning,1,Undirected
Project-based learning,University,3,Undirected
Perceptions,Project-based learning,1,Undirected
Block programming,Gamification,1,Undirected
Directions,Primary school,2,Undirected
Loops,Primary school,1,Undirected
Collaboration,Project-based learning,2,Undirected
Project-based learning,STEM,4,Undirected
Collaboration,Events,3,Undirected
Collaboration,Sequences,1,Undirected
Collaborative learning,Problem solving,2,Undirected
Higher education,Reliability,3,Undirected
Higher education,Validity,2,Undirected
Computational Thinking Test - CTt,Experimental,3,Undirected
Computational Thinking Test - CTt,Secondary school,1,Undirected
Coding,Project-based learning,2,Undirected
Primary school,Sequences,2,Undirected
Project-based learning,Sequences,1,Undirected
Emotional,University,4,Undirected
Critical thinking,Primary school,3,Undirected
High school,Primary school,1,Undirected
Problem solving,Self-efficacy,5,Undirected
Codecombat,Programming,2,Undirected
Emotional,High school,2,Undirected
Emotional,Pair programming,2,Undirected
Engagement,Pair programming,2,Undirected
Experimental,Pair programming,2,Undirected
High school,Pair programming,1,Undirected
Pair programming,Self-efficacy,2,Undirected
Logical thinking,Post-test,1,Undirected
College,Elementary school,1,Undirected
Algorithm,Collaboration,9,Undirected
Emotional,Events,11,Undirected
Events,Functions,10,Undirected
Algorithm,Variables,24,Undirected
STEM,Unplugged activities,1,Undirected
University,Unplugged activities,1,Undirected
Creativity,Variables,6,Undirected
Emotional,Functions,16,Undirected
Emotional,Loops,2,Undirected
Emotional,Variables,8,Undirected
Events,Loops,2,Undirected
Events,Variables,7,Undirected
Alice,Computational concepts,1,Undirected
Alice,Evaluation,1,Undirected
Alice,Primary school,1,Undirected
Emotional,Perceptions,3,Undirected
Events,Perceptions,4,Undirected
Algorithm,Loops,5,Undirected
Algorithm,Directions,6,Undirected
Algorithm,Sequences,5,Undirected
Coding,Directions,3,Undirected
Algorithm,Game-based learning,1,Undirected
Game-based learning,Variables,1,Undirected
Computational Thinking Test - CTt,Functions,3,Undirected
Creativity,Self-efficacy,6,Undirected
Evaluation,Preschool,2,Undirected
Motivation,Preschool,2,Undirected
Preschool,Primary school,2,Undirected
Computational Thinking Challenge - CTC,Conditionals,1,Undirected
Conditionals,Validity,1,Undirected
Algorithm,College,1,Undirected
Collaborative learning,Critical thinking,2,Undirected
Collaborative learning,Directions,1,Undirected
Creativity,Directions,8,Undirected
Algorithm,Emotional,2,Undirected
Engagement,Reliability,4,Undirected
Algorithm,Events,9,Undirected
Directions,Events,3,Undirected
Generalization,Post-test,1,Undirected
Engagement,Structural Equation Model - SEM,5,Undirected
Early childhood education,Problem solving,5,Undirected
Early childhood education,Self-efficacy,1,Undirected
Alice,High school,1,Undirected
Alice,Secondary education,1,Undirected
Alice,University,2,Undirected
Scratch,Secondary education,2,Undirected
Evaluation,Functions,19,Undirected
Game-based learning,Gamification,3,Undirected
Game-based learning,Structural Equation Model - SEM,1,Undirected
Gamification,Structural Equation Model - SEM,1,Undirected
Creativity,Reliability,5,Undirected
Creativity,Validity,4,Undirected
Critical thinking,Perceptions,4,Undirected
Creativity,Perceptions,4,Undirected
Perceptions,Problem solving,1,Undirected
Motivation,Sequences,1,Undirected
Evaluation,Events,8,Undirected
Creativity,Gamification,1,Undirected
Critical thinking,Gamification,2,Undirected
Critical thinking,Personalized learning,2,Undirected
Gamification,Personalized learning,1,Undirected
Personalized learning,Problem solving,1,Undirected
Emotional,ScratchJr,1,Undirected
Evaluation,Spreadsheet,4,Undirected
Functions,Spreadsheet,1,Undirected
Collaboration,Perceptions,3,Undirected
Logic,Perceptions,4,Undirected
Generalization,Problem solving,2,Undirected
Generalization,Sequences,4,Undirected
Abstraction,Secondary school,1,Undirected
Generalization,Secondary school,2,Undirected
Generalization,Robotics,1,Undirected
Functions,Motivation,10,Undirected
Directions,Logic,4,Undirected
Cooperative learning,University,2,Undirected
Directions,Higher education,2,Undirected
Creativity,Persistence,3,Undirected
Evaluation,Persistence,2,Undirected
Functions,Parallelism,3,Undirected
Gamification,Motivation,2,Undirected
Gamification,Primary school,1,Undirected
Perceptions,Validity,2,Undirected
Elementary school,Loops,2,Undirected
Engagement,Loops,1,Undirected
Algorithmic thinking,Early childhood education,1,Undirected
Early childhood education,Post-test,1,Undirected
Events,Validity,1,Undirected
Collaboration,College,1,Undirected
Alice,Logic,1,Undirected
Cooperation,Creativity,1,Undirected
Cooperation,Functions,2,Undirected
Cooperation,Higher education,1,Undirected
Functions,Higher education,1,Undirected
Algorithm,Creativity,3,Undirected
Directions,Generalization,3,Undirected
Code.org,Motivation,1,Undirected
Code.org,Unplugged activities,1,Undirected
Competent Computational Thinking test - cCTt,Critical thinking,1,Undirected
Competent Computational Thinking test - cCTt,Directions,1,Undirected
Functions,High school,1,Undirected
Experimental,Persistence,2,Undirected
Functions,Generalization,4,Undirected
Coding,Mobile application,1,Undirected
Collaboration,Mobile application,1,Undirected
Functions,Perceptions,3,Undirected
Events,Pair programming,1,Undirected
Cooperation,Evaluation,2,Undirected
Kindergarten,Problem solving,2,Undirected
Arduino,Perceptions,1,Undirected
STEM,Scratch,1,Undirected
Events,Persistence,1,Undirected
Cooperation,Motivation,1,Undirected
High school,Item Response Theory (IRT) - IRT,1,Undirected
Item Response Theory (IRT) - IRT,Problem solving,1,Undirected
Engagement,Functions,4,Undirected
Creativity,Kindergarten,6,Undirected
Emotional,Reliability,2,Undirected
Events,Generalization,2,Undirected
Emotional,STEM,3,Undirected
Collaboration,Functions,4,Undirected
Kindergarten,Variables,1,Undirected
Functions,Gamification,1,Undirected
Persistence,Sequences,1,Undirected
Critical thinking,Reliability,3,Undirected
Higher education,Pair programming,1,Undirected
Pair programming,University,1,Undirected
Computational Thinking Test - CTt,Motivation,1,Undirected
Mixed methods,Unplugged activities,1,Undirected
Critical thinking,Persistence,1,Undirected
Higher education,Perceptions,3,Undirected
Higher education,Self-efficacy,1,Undirected
Evaluation,Perceptions,3,Undirected
Algorithm,Collaborative learning,3,Undirected
Logical thinking,Problem solving,1,Undirected
Logical thinking,Secondary school,1,Undirected
Problem solving,Secondary school,2,Undirected
Critical thinking,Kindergarten,4,Undirected
Emotional,Structural Equation Model - SEM,1,Undirected
Structural Equation Model - SEM,University,4,Undirected
Functions,Validity,1,Undirected
Cooperation,Events,1,Undirected
Kindergarten,Motivation,1,Undirected
Kindergarten,Perceptions,1,Undirected
Kindergarten,Scratch,1,Undirected
Functions,Reliability,3,Undirected
Collaboration,Exploratory Factor Analysis - EFA,1,Undirected
Collaboration,Reliability,2,Undirected
Confirmatory Factor Analysis - CFA,Higher education,1,Undirected
Exploratory Factor Analysis - EFA,Higher education,1,Undirected
Computational concepts,Post-test,2,Undirected
Cooperative learning,Design-based learning,1,Undirected
Cooperative learning,Game-based learning,1,Undirected
Cooperative learning,Problem-based learning,1,Undirected
Cooperative learning,Programming,1,Undirected
Cooperative learning,Project-based learning,1,Undirected
Design-based learning,Game-based learning,1,Undirected
Design-based learning,Problem-based learning,1,Undirected
Design-based learning,Project-based learning,1,Undirected
Game-based learning,Project-based learning,1,Undirected
Creativity,Unplugged activities,1,Undirected
Logic,Unplugged activities,1,Undirected
Self-efficacy,Unplugged activities,1,Undirected
Events,Problem solving,1,Undirected
Creativity,Events,3,Undirected
Directions,Structural Equation Model - SEM,1,Undirected
Abstraction,Events,1,Undirected
Events,Motivation,2,Undirected
Events,University,3,Undirected
Code.org,Post-test,1,Undirected
Code.org,Pre-test,1,Undirected
Pre-test,Problem solving,1,Undirected
Collaboration,Computational concepts,1,Undirected
Collaborative learning,Computational concepts,1,Undirected
Collaborative learning,Evaluation,3,Undirected
Arduino,Logic,1,Undirected
Cooperative learning,Critical thinking,2,Undirected
Perceptions,Robotics,1,Undirected
Generalization,Logic,5,Undirected
High school,Mobile application,1,Undirected
Mobile application,Perceptions,1,Undirected
Mobile application,University,1,Undirected
Perceptions,University,1,Undirected
Creativity,Structural Equation Model - SEM,2,Undirected
Critical thinking,Structural Equation Model - SEM,3,Undirected
Problem solving,Structural Equation Model - SEM,1,Undirected
Directions,Secondary school,1,Undirected
STEM,Secondary school,1,Undirected
Motivation,Project-based learning,1,Undirected
Critical thinking,Project-based learning,2,Undirected
Directions,Engagement,2,Undirected
Functions,Logical thinking,1,Undirected
Emotional,Problem solving,2,Undirected
Emotional,Primary school,1,Undirected
Collaborative learning,Perceptions,1,Undirected
Collaborative learning,Self-efficacy,1,Undirected
Algorithm,Confirmatory Factor Analysis - CFA,1,Undirected
Game-based learning,Logic,1,Undirected
Game-based learning,Preschool,1,Undirected
Kindergarten,Logic,1,Undirected
Logic,Preschool,1,Undirected
Game-based learning,Mobile application,1,Undirected
College,Confirmatory Factor Analysis - CFA,1,Undirected
College,Exploratory Factor Analysis - EFA,1,Undirected
College,Item Response Theory (IRT) - IRT,1,Undirected
College,Structural Equation Model - SEM,1,Undirected
Confirmatory Factor Analysis - CFA,Critical thinking,2,Undirected
Confirmatory Factor Analysis - CFA,Item Response Theory (IRT) - IRT,1,Undirected
Critical thinking,Exploratory Factor Analysis - EFA,1,Undirected
Critical thinking,Item Response Theory (IRT) - IRT,1,Undirected
Critical thinking,Validity,2,Undirected
Exploratory Factor Analysis - EFA,Item Response Theory (IRT) - IRT,1,Undirected
Exploratory Factor Analysis - EFA,Structural Equation Model - SEM,2,Undirected
Item Response Theory (IRT) - IRT,Structural Equation Model - SEM,1,Undirected
Structural Equation Model - SEM,Validity,1,Undirected
Reverse engineering pedagogy,Robotics,1,Undirected
Reverse engineering pedagogy,Self-efficacy,1,Undirected
Sequences,Validity,2,Undirected
Coding,Control structures,1,Undirected
Control structures,Experimental,1,Undirected
Control structures,Modularity,1,Undirected
Control structures,Preschool,1,Undirected
Control structures,Programming,1,Undirected
Control structures,ScratchJr,1,Undirected
Experimental,Modularity,2,Undirected
Modularity,Preschool,1,Undirected
Modularity,Programming,3,Undirected
Modularity,ScratchJr,1,Undirected
Preschool,ScratchJr,1,Undirected
Conditionals,Elementary school,1,Undirected
Conditionals,Perceptions,1,Undirected
Conditionals,Unplugged activities,1,Undirected
Elementary school,Sequences,2,Undirected
Perceptions,Sequences,1,Undirected
Sequences,Unplugged activities,1,Undirected
Cooperation,Decomposition,1,Undirected
Cooperation,Engagement,3,Undirected
Arduino,Motivation,1,Undirected
Motivation,Secondary school,2,Undirected
Scratch,Secondary school,1,Undirected
Computational concepts,Functions,1,Undirected
Computational concepts,Motivation,3,Undirected
High school,Preschool,1,Undirected
Coding Attitudes Survey - ESCAS,Variables,1,Undirected
Elementary Student Coding Attitudes Survey - ESCAS,Variables,1,Undirected
Critical thinking,Preschool,2,Undirected
Debug,Early childhood education,1,Undirected
Debug,Higher education,1,Undirected
Debug,Secondary education,1,Undirected
Early childhood education,Higher education,1,Undirected
Higher education,Preschool,1,Undirected
Preschool,Secondary education,1,Undirected
College,Project-based learning,1,Undirected
College,Spreadsheet,1,Undirected
Project-based learning,Spreadsheet,1,Undirected
Project-based learning,Scratch,1,Undirected
Classical Test Theory - CTT,Collaboration,1,Undirected
Classical Test Theory - CTT,Secondary school,1,Undirected
Cooperation,Critical thinking,1,Undirected
Algorithm,Modularity,1,Undirected
Logical thinking,Validity,1,Undirected
Experimental,Mixed methods,1,Undirected
Mixed methods,University,2,Undirected
CT Scale - CTS,Coding,1,Undirected
CT Scale - CTS,Problem solving,1,Undirected
CT Scale - CTS,Robotics,2,Undirected
CT Scale - CTS,Self-efficacy,1,Undirected
Engagement,Preschool,2,Undirected
Confirmatory Factor Analysis - CFA,Motivation,1,Undirected
Motivation,Validity,1,Undirected
Perceptions,Preschool,1,Undirected
Collaboration,Kindergarten,2,Undirected
Collaborative learning,Higher education,1,Undirected
Block programming,Directions,1,Undirected
Block programming,Experimental,2,Undirected
Block programming,Primary school,1,Undirected
Block programming,Scratch,2,Undirected
Block programming,Sequences,1,Undirected
Modularity,Post-test,1,Undirected
Collaborative learning,Generalization,1,Undirected
Game-based learning,Validity,1,Undirected
Logical thinking,Project-based learning,1,Undirected
Decomposition,Self-efficacy,2,Undirected
Block programming,Functions,1,Undirected
Block programming,Unplugged activities,1,Undirected
Functions,Unplugged activities,1,Undirected
Computational Thinking Test - CTt,Post-test,1,Undirected
Computational Thinking Test - CTt,Pre-test,1,Undirected
Preschool,Variables,1,Undirected
Critical thinking,Problem-based learning,1,Undirected
Higher education,Problem-based learning,1,Undirected
Code.org,Computational Thinking Test - CTt,1,Undirected
Code.org,Validity,1,Undirected
Algorithm,Structural Equation Model - SEM,1,Undirected
Emotional,Logic,3,Undirected
Parallelism,Variables,1,Undirected
Directions,Emotional,1,Undirected
Events,Reliability,2,Undirected
Logical thinking,Primary school,1,Undirected
Critical thinking,Self-perceived,1,Undirected
Engagement,Self-perceived,1,Undirected
Gamification,Self-perceived,1,Undirected
Game-based learning,Robotics,1,Undirected
Game-based learning,Secondary school,1,Undirected
CUBETTO,Kindergarten,1,Undirected
Alice,Motivation,1,Undirected
Alice,Perceptions,1,Undirected
Critical thinking,Spreadsheet,2,Undirected
Elementary school,Higher education,1,Undirected
Higher education,Secondary school,1,Undirected
Experimental,No experimental,1,Undirected
Collaborative learning,Post-test,1,Undirected
Directions,Early childhood education,1,Undirected
High school,Self-perceived,1,Undirected
Self-perceived,University,1,Undirected
Creativity,Secondary school,2,Undirected
Reliability,Secondary school,1,Undirected
Self-efficacy,Validity,1,Undirected
Reliability,Unplugged activities,1,Undirected
Longitudinal research,STEM,1,Undirected
Codecombat,Experimental,1,Undirected
Codecombat,Primary school,1,Undirected
Codecombat,Scratch,1,Undirected
Gamification,University,1,Undirected
Motivation,Problem-based learning,1,Undirected
Early childhood education,Generalization,1,Undirected
College,Evaluation,1,Undirected
High school,Structural Equation Model - SEM,1,Undirected
Reliability,Secondary education,1,Undirected
Collaboration,Loops,1,Undirected
Gamification,Logic,1,Undirected
Events,STEM,1,Undirected
Game-based learning,Perceptions,1,Undirected
Gamification,Perceptions,1,Undirected
Gamification,Persistence,1,Undirected
Perceptions,Persistence,1,Undirected
Algorithm,Project-based learning,1,Undirected
Algorithmic thinking,Cooperation,1,Undirected
Algorithmic thinking,Debug,1,Undirected
Cooperation,Problem solving,1,Undirected
Cooperation,Project-based learning,1,Undirected
Cooperation,Robotics,1,Undirected
Debug,Engagement,1,Undirected
Debug,Problem solving,1,Undirected
Debug,Project-based learning,1,Undirected
Debug,University,1,Undirected
Engagement,Project-based learning,2,Undirected
Problem solving,Project-based learning,1,Undirected
College,Emotional,1,Undirected
College,Generalization,1,Undirected
Mimo,Sequences,2,Undirected
Critical thinking,Events,2,Undirected
Elementary school,Pair programming,1,Undirected
Pair programming,Post-test,1,Undirected
Logic,Validity,1,Undirected
Creativity,Generalization,1,Undirected
Collaborative learning,Confirmatory Factor Analysis - CFA,1,Undirected
Collaborative learning,Pair programming,2,Undirected
Collaborative learning,Reliability,1,Undirected
Collaborative learning,Validity,1,Undirected
Confirmatory Factor Analysis - CFA,Emotional,1,Undirected
Confirmatory Factor Analysis - CFA,Pair programming,1,Undirected
Emotional,Validity,1,Undirected
Pair programming,Reliability,1,Undirected
Pair programming,Validity,1,Undirected
Engagement,Secondary school,2,Undirected
Engagement,Unplugged activities,1,Undirected
Primary school,Unplugged activities,1,Undirected
Mixed methods,Primary school,1,Undirected
Mixed methods,Secondary school,1,Undirected
Abstraction,Post-test,1,Undirected
Abstraction,Pre-test,1,Undirected
Decomposition,Post-test,1,Undirected
Decomposition,Pre-test,1,Undirected
Engagement,Pre-test,1,Undirected
Higher education,Post-test,1,Undirected
Generalization,Scratch,1,Undirected
Generalization,Self-efficacy,1,Undirected
Arduino,Elementary school,1,Undirected
Generalization,Perceptions,1,Undirected
Engagement,Exploratory Factor Analysis - EFA,1,Undirected
Problem-based learning,Variables,1,Undirected
Directions,Gamification,1,Undirected
Cooperation,Generalization,1,Undirected
Elementary school,Functions,1,Undirected
Logic,Persistence,1,Undirected
Functions,Kindergarten,1,Undirected
Kindergarten,Pre-test,1,Undirected
